{"cameraMode":{"drawMode":0,"name":"Shaded","section":"Shading Mode"},"sceneLighting":true,"audioPlay":false,"sceneViewState":{"m_AlwaysRefresh":false,"showFog":true,"showSkybox":true,"showFlares":true,"showImageEffects":true,"showParticleSystems":true,"showVisualEffectGraphs":true,"m_FxEnabled":true},"in2DMode":false,"pivot":{"x":-0.9436019062995911,"y":0.4515390992164612,"z":-0.130757138133049},"rotation":{"x":-0.03224017843604088,"y":-0.9158740043640137,"z":0.39297714829444888,"w":-0.07518048584461212},"size":2.3614723682403566,"orthographic":false}